﻿{"Version":"0.7.0","DisableMod":false,"UseOnPressOnly":false,"OnPressOnlyKey":"ALT","CitizenExpanded":false,"Citizen":true,"CitizenState":true,"CitizenHappiness":true,"CitizenEducation":true,"CompanyExpanded":false,"Company":true,"CompanyOutput":true,"Efficiency":true,"Employee":true,"ParkExpanded":false,"Park":true,"ParkMaintenance":true,"ParkingExpanded":false,"ParkingFacility":true,"ParkingFees":true,"ParkingCapacity":true,"PublicTransportExpanded":false,"PublicTransport":true,"PublicTransportWaitingPassengers":true,"PublicTransportWaitingTime":true,"RoadExpanded":true,"Road":true,"RoadLength":true,"RoadUpkeep":true,"RoadCondition":true,"SchoolExpanded":false,"School":true,"SchoolStudentCapacity":true,"SpawnableExpanded":true,"Spawnable":true,"SpawnableHousehold":true,"SpawnableHouseholdDetails":true,"SpawnableLevel":true,"SpawnableLevelDetails":true,"SpawnableRent":true,"SpawnableZoneInfo":true,"VehicleExpanded":false,"Vehicle":true,"VehicleState":true,"VehicleDriver":true,"VehiclePostvan":true,"VehicleGarbageTruck":true,"VehiclePassengerDetails":true}